Order Date,Product,Category,Region,Sales,Quantity
2023-01-01,Headphones,Accessories,East,27144,7
2023-01-02,Monitor,Accessories,South,5000,9
2023-01-03,Tablet,Accessories,East,6052,8
2023-01-04,Monitor,Electronics,East,36506,6
2023-01-05,Monitor,Electronics,South,29074,8
2023-01-06,Phone,Accessories,South,39155,5
2023-01-07,Tablet,Accessories,South,41770,8
2023-01-08,Tablet,Electronics,North,33320,4
2023-01-09,Tablet,Electronics,West,39304,8
2023-01-10,Monitor,Accessories,North,47247,2
2023-01-11,Headphones,Electronics,North,4913,5
2023-01-12,Tablet,Accessories,East,18450,9
2023-01-13,Monitor,Accessories,South,25107,4
2023-01-14,Phone,Electronics,West,21764,6
2023-01-15,Headphones,Electronics,East,44404,1
2023-01-16,Phone,Accessories,North,21491,9
2023-01-17,Headphones,Accessories,South,39494,1
2023-01-18,Monitor,Electronics,East,4373,5
2023-01-19,Laptop,Accessories,South,13161,4
2023-01-20,Headphones,Electronics,East,32996,3
2023-01-21,Phone,Accessories,South,28122,6
2023-01-22,Monitor,Electronics,North,35850,2
2023-01-23,Headphones,Electronics,West,28350,3
2023-01-24,Laptop,Electronics,North,28472,5
2023-01-25,Laptop,Accessories,West,29761,9
2023-01-26,Tablet,Accessories,South,26351,2
2023-01-27,Tablet,Electronics,East,24132,8
2023-01-28,Phone,Accessories,North,16305,2
2023-01-29,Headphones,Electronics,West,10817,5
2023-01-30,Headphones,Electronics,North,12261,7
2023-01-31,Tablet,Accessories,West,1417,8
2023-02-01,Headphones,Accessories,North,42576,1
2023-02-02,Headphones,Electronics,West,21358,6
2023-02-03,Laptop,Accessories,West,4267,1
2023-02-04,Tablet,Accessories,South,18209,2
2023-02-05,Monitor,Electronics,West,25052,1
2023-02-06,Tablet,Electronics,South,39513,5
2023-02-07,Monitor,Accessories,West,27092,9
2023-02-08,Laptop,Electronics,East,12338,6
2023-02-09,Phone,Electronics,East,1412,1
2023-02-10,Headphones,Accessories,East,8543,1
2023-02-11,Laptop,Electronics,West,41355,2
2023-02-12,Headphones,Electronics,South,34496,9
2023-02-13,Phone,Accessories,South,24548,3
2023-02-14,Phone,Accessories,West,28384,1
2023-02-15,Laptop,Electronics,East,45425,5
2023-02-16,Phone,Electronics,East,39756,7
2023-02-17,Monitor,Accessories,South,19888,6
2023-02-18,Phone,Accessories,East,36735,1
2023-02-19,Headphones,Accessories,North,48295,5
2023-02-20,Headphones,Accessories,South,49816,5
2023-02-21,Headphones,Electronics,East,18506,6
2023-02-22,Headphones,Accessories,South,21463,3
2023-02-23,Monitor,Accessories,North,18955,5
2023-02-24,Tablet,Electronics,South,38841,7
2023-02-25,Laptop,Accessories,South,6104,5
2023-02-26,Headphones,Electronics,South,35911,5
2023-02-27,Phone,Accessories,South,24190,5
2023-02-28,Headphones,Accessories,North,8357,3
2023-03-01,Phone,Accessories,West,33479,1
2023-03-02,Phone,Electronics,South,45811,5
2023-03-03,Headphones,Electronics,South,37208,9
2023-03-04,Monitor,Accessories,East,21150,1
2023-03-05,Phone,Electronics,South,6644,3
2023-03-06,Phone,Electronics,East,44286,4
2023-03-07,Headphones,Electronics,West,48320,1
2023-03-08,Phone,Electronics,North,3914,1
2023-03-09,Phone,Electronics,North,22352,8
2023-03-10,Headphones,Electronics,West,47352,2
2023-03-11,Headphones,Accessories,North,45912,8
2023-03-12,Laptop,Accessories,West,15397,7
2023-03-13,Monitor,Electronics,West,42555,2
2023-03-14,Monitor,Accessories,West,47959,6
2023-03-15,Phone,Accessories,North,1728,6
2023-03-16,Monitor,Accessories,East,1698,3
2023-03-17,Phone,Accessories,West,40954,2
2023-03-18,Laptop,Electronics,South,48280,1
2023-03-19,Headphones,Accessories,North,14923,6
2023-03-20,Headphones,Accessories,West,17779,5
2023-03-21,Headphones,Electronics,West,8400,9
2023-03-22,Monitor,Electronics,South,25466,1
2023-03-23,Laptop,Accessories,East,37939,7
2023-03-24,Monitor,Accessories,East,5360,5
2023-03-25,Monitor,Accessories,East,36270,5
2023-03-26,Laptop,Accessories,West,18101,2
2023-03-27,Laptop,Accessories,West,33307,3
2023-03-28,Laptop,Accessories,West,6486,7
2023-03-29,Laptop,Electronics,North,9335,6
2023-03-30,Headphones,Accessories,South,22364,2
2023-03-31,Tablet,Accessories,West,38259,6
2023-04-01,Tablet,Electronics,South,24576,2
2023-04-02,Laptop,Electronics,South,32667,2
2023-04-03,Tablet,Electronics,East,12130,2
2023-04-04,Tablet,Electronics,North,22972,3
2023-04-05,Laptop,Accessories,West,41419,2
2023-04-06,Tablet,Accessories,East,2167,4
2023-04-07,Monitor,Accessories,East,28192,9
2023-04-08,Phone,Accessories,West,2062,6
2023-04-09,Phone,Accessories,South,19540,1
2023-04-10,Laptop,Accessories,East,25244,8
2023-04-11,Headphones,Electronics,South,22545,7
2023-04-12,Laptop,Accessories,North,22689,3
2023-04-13,Headphones,Electronics,South,12174,1
2023-04-14,Phone,Electronics,North,23925,5
2023-04-15,Laptop,Accessories,South,38497,4
2023-04-16,Monitor,Electronics,East,10348,8
2023-04-17,Tablet,Accessories,East,24714,1
2023-04-18,Headphones,Electronics,North,39102,1
2023-04-19,Tablet,Accessories,West,9924,4
2023-04-20,Tablet,Electronics,North,38098,8
2023-04-21,Laptop,Accessories,North,25394,5
2023-04-22,Tablet,Accessories,South,7801,2
2023-04-23,Monitor,Accessories,South,38614,6
2023-04-24,Tablet,Accessories,North,7731,5
2023-04-25,Laptop,Accessories,East,49136,2
2023-04-26,Monitor,Electronics,South,24625,3
2023-04-27,Phone,Electronics,West,18337,9
2023-04-28,Tablet,Electronics,South,36307,7
2023-04-29,Laptop,Accessories,South,8056,7
2023-04-30,Phone,Electronics,West,12516,6
2023-05-01,Phone,Accessories,North,45261,8
2023-05-02,Headphones,Accessories,West,2542,4
2023-05-03,Monitor,Electronics,North,22677,8
2023-05-04,Tablet,Electronics,North,47732,4
2023-05-05,Laptop,Accessories,North,40081,8
2023-05-06,Headphones,Electronics,West,28569,9
2023-05-07,Monitor,Accessories,North,24322,3
2023-05-08,Headphones,Accessories,East,20065,3
2023-05-09,Monitor,Accessories,West,18924,2
2023-05-10,Monitor,Accessories,East,23556,3
2023-05-11,Tablet,Accessories,North,27962,3
2023-05-12,Monitor,Electronics,South,29295,5
2023-05-13,Headphones,Electronics,North,14807,5
2023-05-14,Monitor,Accessories,East,43348,2
2023-05-15,Tablet,Accessories,East,27432,6
2023-05-16,Tablet,Electronics,West,18749,5
2023-05-17,Headphones,Electronics,South,42459,6
2023-05-18,Phone,Accessories,West,27256,1
2023-05-19,Phone,Electronics,East,41262,5
2023-05-20,Monitor,Accessories,North,38080,9
2023-05-21,Laptop,Electronics,South,2324,2
2023-05-22,Monitor,Accessories,North,26731,1
2023-05-23,Headphones,Electronics,North,36909,9
2023-05-24,Headphones,Accessories,South,24803,9
2023-05-25,Headphones,Electronics,West,20870,9
2023-05-26,Headphones,Electronics,North,35578,6
2023-05-27,Headphones,Accessories,East,7588,8
2023-05-28,Tablet,Electronics,North,39069,1
2023-05-29,Phone,Accessories,South,27790,4
2023-05-30,Headphones,Electronics,South,26289,1
2023-05-31,Laptop,Accessories,South,29178,8
2023-06-01,Laptop,Electronics,West,29710,1
2023-06-02,Laptop,Accessories,North,16485,3
2023-06-03,Laptop,Electronics,West,45482,4
2023-06-04,Tablet,Accessories,West,21652,8
2023-06-05,Laptop,Electronics,South,5748,6
2023-06-06,Headphones,Accessories,South,22233,7
2023-06-07,Monitor,Accessories,West,10435,8
2023-06-08,Laptop,Accessories,North,4709,2
2023-06-09,Tablet,Electronics,East,31355,8
2023-06-10,Tablet,Accessories,West,14116,3
2023-06-11,Laptop,Electronics,North,26470,7
2023-06-12,Monitor,Accessories,South,43344,3
2023-06-13,Laptop,Electronics,South,43918,7
2023-06-14,Tablet,Accessories,North,40298,2
2023-06-15,Phone,Electronics,East,43956,6
2023-06-16,Headphones,Electronics,South,15683,3
2023-06-17,Tablet,Accessories,South,1504,3
2023-06-18,Laptop,Electronics,South,34982,9
2023-06-19,Headphones,Electronics,North,35299,7
2023-06-20,Laptop,Accessories,West,29016,5
2023-06-21,Laptop,Electronics,South,24960,7
2023-06-22,Phone,Electronics,West,34591,9
2023-06-23,Headphones,Electronics,East,18312,1
2023-06-24,Headphones,Accessories,South,38797,7
2023-06-25,Phone,Electronics,South,47196,6
2023-06-26,Tablet,Accessories,East,3105,9
2023-06-27,Laptop,Electronics,South,37395,1
2023-06-28,Monitor,Electronics,West,46740,4
2023-06-29,Laptop,Electronics,North,23700,9
2023-06-30,Laptop,Accessories,West,35620,4
2023-07-01,Tablet,Electronics,North,38678,3
2023-07-02,Laptop,Electronics,North,21559,9
2023-07-03,Phone,Accessories,West,28509,2
2023-07-04,Phone,Electronics,West,28860,4
2023-07-05,Headphones,Accessories,West,12003,6
2023-07-06,Monitor,Accessories,West,22732,2
2023-07-07,Laptop,Electronics,East,26826,8
2023-07-08,Laptop,Accessories,South,31354,8
2023-07-09,Tablet,Electronics,North,14843,1
2023-07-10,Phone,Accessories,West,45472,3
2023-07-11,Monitor,Accessories,West,49529,9
2023-07-12,Headphones,Electronics,West,7190,5
2023-07-13,Phone,Accessories,East,18640,6
2023-07-14,Headphones,Accessories,West,39413,4
2023-07-15,Tablet,Accessories,West,43356,2
2023-07-16,Tablet,Accessories,West,45597,8
2023-07-17,Laptop,Accessories,South,41821,6
2023-07-18,Monitor,Electronics,East,4330,5
2023-07-19,Headphones,Accessories,West,20087,9
